<?xml version="1.0" encoding="UTF-8" standalone="yes"?>
<addon id="repository.PoolTechRepo" name="PoolTechRepo" version="0.1" provider-name="BIOS">
    <extension point="xbmc.addon.repository" name="Nome Repository">
        <dir>
            <info compressed="false">https://raw.githubusercontent.com/Carlos1Gabriel/PoolTechRepo/master/zips/addons.xml</info>
            <checksum>https://raw.githubusercontent.com/Carlos1Gabriel/PoolTechRepo/master/zips/addons.xml.md5</checksum>
            <datadir zip="true">https://raw.githubusercontent.com/Carlos1Gabriel/PoolTechRepo/master/zips/</datadir>
        </dir>
    </extension>
    <extension point="xbmc.addon.metadata">
        <summary>PoolTechRepo</summary>
        <description>Os Melhores Canais Só Aqui!</description>
        <disclaimer></disclaimer>
        <platform>all</platform>
        <assets>
            <icon>icon.png</icon>
            <fanart>fanart.jpg</fanart>
        </assets>
    </extension>
</addon>